model,params,query_id,query,query_type,precision_at_k,recall_at_k,root_cause_accuracy,completeness,latency_s
Llama-3.3-70B,70B,Q001,What is the root cause of the failure affecting UE7?,root_cause,0.6074,0.8487,0.2948,0.6626,3.79
Llama-3.3-70B,70B,Q002,What error occurred in the RRC module and what were its downstream effects?,failure_tracing,0.8478,0.8171,0.2723,0.777,4.78
Llama-3.3-70B,70B,Q003,Trace the complete chain of events from enodeb_rrc.log to core_nw_amf.log that led to the rrc reconfiguration failure cascade.,multi_hop,0.7647,0.6111,0.2377,0.5884,4.55
Llama-3.3-70B,70B,Q004,What events occurred during the rrc reconfiguration failure cascade incident and in what order?,temporal,0.7168,0.6068,0.523,0.6169,3.92
Llama-3.3-70B,70B,Q005,What was the impact of the rrc reconfiguration failure cascade on user equipment and network services?,impact_analysis,0.7522,0.8967,0.2873,0.6035,4.96
Llama-3.3-70B,70B,Q006,What does error code RRC_RECONFIG_FAIL_004 indicate and what caused it?,error_code,0.8927,0.8192,0.4831,0.8207,4.83
Llama-3.3-70B,70B,Q007,What is the root cause of the failure affecting UE1?,root_cause,0.9182,0.8873,0.3105,0.6302,5.15
Llama-3.3-70B,70B,Q008,What error occurred in the SCTP module and what were its downstream effects?,failure_tracing,0.784,0.6699,0.2911,0.6062,5.82
Llama-3.3-70B,70B,Q009,Trace the complete chain of events from transport_sctp.log to ran_cell.log that led to the sctp transport link failure.,multi_hop,0.6527,0.499,0.256,0.5137,5.11
Llama-3.3-70B,70B,Q010,What events occurred during the sctp transport link failure incident and in what order?,temporal,0.7509,0.9152,0.2117,0.6067,3.72
Llama-3.3-70B,70B,Q011,What was the impact of the sctp transport link failure on user equipment and network services?,impact_analysis,0.8041,0.5685,0.2363,0.6527,4.87
Llama-3.3-70B,70B,Q012,What does error code SCTP_HEARTBEAT_TIMEOUT_084 indicate and what caused it?,error_code,0.9421,0.8808,0.4007,0.8444,3.21
Llama-3.3-70B,70B,Q013,What is the root cause of the failure affecting UE11?,root_cause,0.971,0.8755,0.1865,0.7811,2.98
Llama-3.3-70B,70B,Q014,What error occurred in the HANDOVER module and what were its downstream effects?,failure_tracing,0.925,0.8395,0.1501,0.7878,3.74
Llama-3.3-70B,70B,Q015,Trace the complete chain of events from ran_cell.log to enodeb_rrc.log that led to the inter-gnb handover failure.,multi_hop,0.7463,0.6123,0.3592,0.6022,3.54
Llama-3.3-70B,70B,Q016,What events occurred during the inter-gnb handover failure incident and in what order?,temporal,0.9701,0.8077,0.2439,0.8417,2.99
Llama-3.3-70B,70B,Q017,What was the impact of the inter-gnb handover failure on user equipment and network services?,impact_analysis,0.6665,0.7846,0.4335,0.7186,4.11
Llama-3.3-70B,70B,Q018,What does error code SCHED_RESOURCE_EXHAUST_137 indicate and what caused it?,error_code,0.8972,0.8834,0.2976,0.8216,5.14
Llama-3.3-70B,70B,Q019,What is the root cause of the failure affecting UE22?,root_cause,0.7995,0.8189,0.3003,0.6105,5.07
Llama-3.3-70B,70B,Q020,What error occurred in the PCF module and what were its downstream effects?,failure_tracing,0.8135,0.7185,0.565,0.8133,3.65
Llama-3.3-70B,70B,Q021,Trace the complete chain of events from core_nw_amf.log to cu_cp_f1ap.log that led to the pdu session establishment rejection.,multi_hop,0.6018,0.6114,0.3252,0.562,5.11
Llama-3.3-70B,70B,Q022,What events occurred during the pdu session establishment rejection incident and in what order?,temporal,0.7456,0.6322,0.5831,0.7019,4.72
Llama-3.3-70B,70B,Q023,What was the impact of the pdu session establishment rejection on user equipment and network services?,impact_analysis,0.7569,0.7543,0.424,0.756,5.68
Llama-3.3-70B,70B,Q024,What does error code SMF_QOS_FLOW_ERR_104 indicate and what caused it?,error_code,0.8008,0.8599,0.5987,0.8791,5.11
Llama-3.3-70B,70B,Q025,What is the root cause of the failure affecting UE5?,root_cause,0.7395,0.7322,0.4482,0.7083,4.66
Llama-3.3-70B,70B,Q026,What error occurred in the RLC module and what were its downstream effects?,failure_tracing,0.6488,0.7593,0.465,0.7041,4.9
Llama-3.3-70B,70B,Q027,Trace the complete chain of events from ran_cell.log to enodeb_rrc.log that led to the rlc max retransmission causing drb failure.,multi_hop,0.6277,0.7423,0.1097,0.6269,5.01
Llama-3.3-70B,70B,Q028,What events occurred during the rlc max retransmission causing drb failure incident and in what order?,temporal,0.6585,0.5041,0.4291,0.7359,3.13
Llama-3.3-70B,70B,Q029,What was the impact of the rlc max retransmission causing drb failure on user equipment and network services?,impact_analysis,0.7598,0.8226,0.3069,0.7198,3.83
Llama-3.3-70B,70B,Q030,What does error code MAC_HARQ_NACK_MAX_067 indicate and what caused it?,error_code,0.8682,0.8377,0.5164,0.8303,3.25
Llama-3.3-70B,70B,Q031,What is the root cause of the failure affecting UE3?,root_cause,0.7652,0.8868,0.1921,0.7799,3.41
Llama-3.3-70B,70B,Q032,What error occurred in the GTP-U module and what were its downstream effects?,failure_tracing,0.8636,0.6137,0.3759,0.7345,4.95
Llama-3.3-70B,70B,Q033,Trace the complete chain of events from transport_sctp.log to cu_up_gtpu.log that led to the gtp-u path failure on backhaul.,multi_hop,0.6181,0.5151,0.1432,0.5206,4.45
Llama-3.3-70B,70B,Q034,What events occurred during the gtp-u path failure on backhaul incident and in what order?,temporal,0.6082,0.7866,0.4965,0.6903,5.26
Llama-3.3-70B,70B,Q035,What was the impact of the gtp-u path failure on backhaul on user equipment and network services?,impact_analysis,0.8641,0.7,0.3414,0.746,3.98
Llama-3.3-70B,70B,Q036,What does error code GTPU_PATH_FAIL_037 indicate and what caused it?,error_code,1.0,0.8382,0.5523,0.6816,4.42
Llama-3.3-70B,70B,Q037,What is the root cause of the failure affecting UE31?,root_cause,0.8469,0.6935,0.4797,0.7568,5.46
Llama-3.3-70B,70B,Q038,What error occurred in the AMF module and what were its downstream effects?,failure_tracing,0.775,0.903,0.2124,0.7481,4.92
Llama-3.3-70B,70B,Q039,Trace the complete chain of events from core_nw_amf.log to core_nw_amf.log that led to the 5g-aka authentication failure.,multi_hop,0.7024,0.4813,0.2313,0.5577,3.43
Llama-3.3-70B,70B,Q040,What events occurred during the 5g-aka authentication failure incident and in what order?,temporal,0.8226,0.9199,0.3209,0.7527,3.98
Llama-3.3-70B,70B,Q041,What was the impact of the 5g-aka authentication failure on user equipment and network services?,impact_analysis,0.7914,0.6941,0.6783,0.7533,3.66
Llama-3.3-70B,70B,Q042,What does error code AMF_AUTH_FAIL_094 indicate and what caused it?,error_code,0.9199,0.772,0.3144,0.7826,5.76
Llama-3.3-70B,70B,Q043,What is the root cause of the failure affecting UE9?,root_cause,0.909,0.9577,0.1487,0.5914,4.53
Llama-3.3-70B,70B,Q044,What error occurred in the MAC module and what were its downstream effects?,failure_tracing,0.9152,0.8441,0.3581,0.6322,4.15
Llama-3.3-70B,70B,Q045,Trace the complete chain of events from ran_cell.log to ran_cell.log that led to the dl scheduler starvation under load.,multi_hop,0.6807,0.6841,0.1526,0.5844,4.72
Llama-3.3-70B,70B,Q046,What events occurred during the dl scheduler starvation under load incident and in what order?,temporal,0.7801,0.6412,0.4152,0.6666,3.55
Llama-3.3-70B,70B,Q047,What was the impact of the dl scheduler starvation under load on user equipment and network services?,impact_analysis,0.8936,0.7022,0.363,0.6216,4.17
Llama-3.3-70B,70B,Q048,What does error code MAC_BSR_TIMEOUT_064 indicate and what caused it?,error_code,0.9295,0.7531,0.6795,0.8985,4.96
Llama-3.3-70B,70B,Q049,What is the root cause of the failure affecting UE2?,root_cause,0.8387,0.9214,0.4071,0.7502,5.42
Llama-3.3-70B,70B,Q050,What error occurred in the IPSec module and what were its downstream effects?,failure_tracing,0.6138,0.7074,0.3265,0.8231,3.48
Llama-3.3-70B,70B,Q051,Trace the complete chain of events from transport_sctp.log to cu_up_gtpu.log that led to the ipsec tunnel failure on midhaul.,multi_hop,0.5736,0.5754,0.4497,0.5464,5.59
Llama-3.3-70B,70B,Q052,What events occurred during the ipsec tunnel failure on midhaul incident and in what order?,temporal,0.7858,0.8315,0.4235,0.7261,3.14
Llama-3.3-70B,70B,Q053,What was the impact of the ipsec tunnel failure on midhaul on user equipment and network services?,impact_analysis,0.7544,0.7512,0.5164,0.6886,4.21
Llama-3.3-70B,70B,Q054,What does error code F1AP_MSG_DECODE_ERR_018 indicate and what caused it?,error_code,0.8314,0.7614,0.2461,0.7285,3.14
Llama-3.3-70B,70B,Q055,What is the root cause of the failure affecting UE40?,root_cause,0.7545,0.4854,0.4764,0.8122,5.02
Llama-3.3-70B,70B,Q056,What error occurred in the AMF module and what were its downstream effects?,failure_tracing,0.7921,0.9601,0.3934,0.8289,3.14
Llama-3.3-70B,70B,Q057,Trace the complete chain of events from core_nw_amf.log to cu_cp_f1ap.log that led to the amf overload causing registration delays.,multi_hop,0.693,0.7425,0.3794,0.6336,5.3
Llama-3.3-70B,70B,Q058,What events occurred during the amf overload causing registration delays incident and in what order?,temporal,0.7033,0.7343,0.4998,0.8298,5.12
Llama-3.3-70B,70B,Q059,What was the impact of the amf overload causing registration delays on user equipment and network services?,impact_analysis,0.7699,0.6753,0.3971,0.7554,5.61
Llama-3.3-70B,70B,Q060,What does error code AMF_REG_REJECT_091 indicate and what caused it?,error_code,0.9852,0.9958,0.5152,0.8532,4.64
Llama-3.3-70B,70B,Q061,Which failures affected multiple UEs simultaneously and what was the common cause?,cross_scenario,0.5515,0.6262,0.5252,0.5631,3.74
Llama-3.3-70B,70B,Q062,Compare the transport-layer failures: how does SCTP association failure differ from GTP-U path failure in terms of impact?,cross_scenario,0.5897,0.4715,0.1863,0.5303,4.19
Llama-3.3-70B,70B,Q063,What are all the scenarios where packet loss or data loss occurred and what were the root causes?,cross_scenario,0.6511,0.6817,0.1666,0.6847,5.36
Llama-3.3-70B,70B,Q064,"Did any UE recover successfully after a failure, and if so, how long did the service interruption last?",cross_scenario,0.9173,0.7936,0.4803,0.6461,3.72
Llama-3.3-70B,70B,Q065,"Was the UE7 failure related to the SCTP transport failure, or were they independent events?",contrastive,0.8283,0.7889,0.2028,0.6603,3.5
Mixtral-8x7B,46.7B,Q001,What is the root cause of the failure affecting UE7?,root_cause,0.7157,0.8051,0.1287,0.7273,4.42
Mixtral-8x7B,46.7B,Q002,What error occurred in the RRC module and what were its downstream effects?,failure_tracing,0.8645,0.7968,0.2332,0.7247,2.9
Mixtral-8x7B,46.7B,Q003,Trace the complete chain of events from enodeb_rrc.log to core_nw_amf.log that led to the rrc reconfiguration failure cascade.,multi_hop,0.5594,0.7402,0.1988,0.5398,3.35
Mixtral-8x7B,46.7B,Q004,What events occurred during the rrc reconfiguration failure cascade incident and in what order?,temporal,0.8452,0.5559,0.333,0.6612,3.52
Mixtral-8x7B,46.7B,Q005,What was the impact of the rrc reconfiguration failure cascade on user equipment and network services?,impact_analysis,0.8757,0.6959,0.2619,0.7293,4.19
Mixtral-8x7B,46.7B,Q006,What does error code RRC_RECONFIG_FAIL_004 indicate and what caused it?,error_code,1.0,0.9046,0.241,0.7648,2.72
Mixtral-8x7B,46.7B,Q007,What is the root cause of the failure affecting UE1?,root_cause,0.9274,0.6623,0.0927,0.729,4.4
Mixtral-8x7B,46.7B,Q008,What error occurred in the SCTP module and what were its downstream effects?,failure_tracing,0.8711,0.8742,0.3697,0.7628,4.16
Mixtral-8x7B,46.7B,Q009,Trace the complete chain of events from transport_sctp.log to ran_cell.log that led to the sctp transport link failure.,multi_hop,0.7414,0.6188,0.4627,0.6764,5.3
Mixtral-8x7B,46.7B,Q010,What events occurred during the sctp transport link failure incident and in what order?,temporal,0.7786,0.9,0.2179,0.7959,3.27
Mixtral-8x7B,46.7B,Q011,What was the impact of the sctp transport link failure on user equipment and network services?,impact_analysis,0.8788,0.7455,0.295,0.723,4.06
Mixtral-8x7B,46.7B,Q012,What does error code SCTP_HEARTBEAT_TIMEOUT_084 indicate and what caused it?,error_code,0.9932,0.9346,0.2945,0.7924,3.87
Mixtral-8x7B,46.7B,Q013,What is the root cause of the failure affecting UE11?,root_cause,0.925,0.8568,0.3913,0.669,3.11
Mixtral-8x7B,46.7B,Q014,What error occurred in the HANDOVER module and what were its downstream effects?,failure_tracing,0.9984,0.7284,0.4484,0.7816,3.39
Mixtral-8x7B,46.7B,Q015,Trace the complete chain of events from ran_cell.log to enodeb_rrc.log that led to the inter-gnb handover failure.,multi_hop,0.688,0.47,0.1048,0.5728,4.54
Mixtral-8x7B,46.7B,Q016,What events occurred during the inter-gnb handover failure incident and in what order?,temporal,1.0,0.6696,0.2788,0.7067,2.71
Mixtral-8x7B,46.7B,Q017,What was the impact of the inter-gnb handover failure on user equipment and network services?,impact_analysis,0.8617,0.8744,0.4277,0.7185,4.8
Mixtral-8x7B,46.7B,Q018,What does error code SCHED_RESOURCE_EXHAUST_137 indicate and what caused it?,error_code,0.9379,0.8986,0.0504,0.7609,3.07
Mixtral-8x7B,46.7B,Q019,What is the root cause of the failure affecting UE22?,root_cause,0.6548,0.7873,0.34,0.7384,4.24
Mixtral-8x7B,46.7B,Q020,What error occurred in the PCF module and what were its downstream effects?,failure_tracing,0.7677,0.7114,0.3117,0.6471,2.88
Mixtral-8x7B,46.7B,Q021,Trace the complete chain of events from core_nw_amf.log to cu_cp_f1ap.log that led to the pdu session establishment rejection.,multi_hop,0.7381,0.6111,0.2986,0.6047,3.22
Mixtral-8x7B,46.7B,Q022,What events occurred during the pdu session establishment rejection incident and in what order?,temporal,0.8718,0.6395,0.4338,0.6336,5.31
Mixtral-8x7B,46.7B,Q023,What was the impact of the pdu session establishment rejection on user equipment and network services?,impact_analysis,0.8394,0.7362,0.4713,0.672,2.83
Mixtral-8x7B,46.7B,Q024,What does error code SMF_QOS_FLOW_ERR_104 indicate and what caused it?,error_code,0.8847,0.8156,0.3432,0.7272,2.85
Mixtral-8x7B,46.7B,Q025,What is the root cause of the failure affecting UE5?,root_cause,0.7493,0.6505,0.103,0.6637,2.93
Mixtral-8x7B,46.7B,Q026,What error occurred in the RLC module and what were its downstream effects?,failure_tracing,0.7877,0.7014,0.3132,0.717,3.4
Mixtral-8x7B,46.7B,Q027,Trace the complete chain of events from ran_cell.log to enodeb_rrc.log that led to the rlc max retransmission causing drb failure.,multi_hop,0.5914,0.6981,0.1289,0.4877,3.0
Mixtral-8x7B,46.7B,Q028,What events occurred during the rlc max retransmission causing drb failure incident and in what order?,temporal,0.7389,0.5854,0.2635,0.6946,3.22
Mixtral-8x7B,46.7B,Q029,What was the impact of the rlc max retransmission causing drb failure on user equipment and network services?,impact_analysis,0.776,0.7645,0.432,0.6525,3.07
Mixtral-8x7B,46.7B,Q030,What does error code MAC_HARQ_NACK_MAX_067 indicate and what caused it?,error_code,0.9308,0.7439,0.4414,0.6492,4.8
Mixtral-8x7B,46.7B,Q031,What is the root cause of the failure affecting UE3?,root_cause,0.8345,0.6111,0.1741,0.6824,4.32
Mixtral-8x7B,46.7B,Q032,What error occurred in the GTP-U module and what were its downstream effects?,failure_tracing,0.8029,0.5326,0.3108,0.6185,3.48
Mixtral-8x7B,46.7B,Q033,Trace the complete chain of events from transport_sctp.log to cu_up_gtpu.log that led to the gtp-u path failure on backhaul.,multi_hop,0.5369,0.327,0.3251,0.6679,4.43
Mixtral-8x7B,46.7B,Q034,What events occurred during the gtp-u path failure on backhaul incident and in what order?,temporal,0.8578,0.7686,0.3706,0.5364,4.89
Mixtral-8x7B,46.7B,Q035,What was the impact of the gtp-u path failure on backhaul on user equipment and network services?,impact_analysis,0.6995,0.6731,0.5355,0.6754,3.97
Mixtral-8x7B,46.7B,Q036,What does error code GTPU_PATH_FAIL_037 indicate and what caused it?,error_code,1.0,0.8304,0.489,0.7557,3.74
Mixtral-8x7B,46.7B,Q037,What is the root cause of the failure affecting UE31?,root_cause,0.762,0.5119,0.2591,0.7069,3.18
Mixtral-8x7B,46.7B,Q038,What error occurred in the AMF module and what were its downstream effects?,failure_tracing,0.9929,0.9069,0.6006,0.6691,3.27
Mixtral-8x7B,46.7B,Q039,Trace the complete chain of events from core_nw_amf.log to core_nw_amf.log that led to the 5g-aka authentication failure.,multi_hop,0.4504,0.6774,0.1444,0.575,4.18
Mixtral-8x7B,46.7B,Q040,What events occurred during the 5g-aka authentication failure incident and in what order?,temporal,0.7561,0.6359,0.2444,0.6406,4.86
Mixtral-8x7B,46.7B,Q041,What was the impact of the 5g-aka authentication failure on user equipment and network services?,impact_analysis,0.8481,0.707,0.3295,0.7144,3.04
Mixtral-8x7B,46.7B,Q042,What does error code AMF_AUTH_FAIL_094 indicate and what caused it?,error_code,1.0,0.7807,0.2787,0.7659,4.14
Mixtral-8x7B,46.7B,Q043,What is the root cause of the failure affecting UE9?,root_cause,0.8501,0.7795,0.3865,0.6077,3.25
Mixtral-8x7B,46.7B,Q044,What error occurred in the MAC module and what were its downstream effects?,failure_tracing,0.8508,0.6941,0.2153,0.6145,2.66
Mixtral-8x7B,46.7B,Q045,Trace the complete chain of events from ran_cell.log to ran_cell.log that led to the dl scheduler starvation under load.,multi_hop,0.6777,0.6237,0.4274,0.5965,3.06
Mixtral-8x7B,46.7B,Q046,What events occurred during the dl scheduler starvation under load incident and in what order?,temporal,0.6137,0.6637,0.3171,0.6128,5.11
Mixtral-8x7B,46.7B,Q047,What was the impact of the dl scheduler starvation under load on user equipment and network services?,impact_analysis,0.7497,0.6474,0.3122,0.7477,3.9
Mixtral-8x7B,46.7B,Q048,What does error code MAC_BSR_TIMEOUT_064 indicate and what caused it?,error_code,0.8761,0.8875,0.023,0.7457,4.25
Mixtral-8x7B,46.7B,Q049,What is the root cause of the failure affecting UE2?,root_cause,0.9233,0.6878,0.2455,0.5977,4.02
Mixtral-8x7B,46.7B,Q050,What error occurred in the IPSec module and what were its downstream effects?,failure_tracing,0.885,0.7517,0.385,0.9755,2.79
Mixtral-8x7B,46.7B,Q051,Trace the complete chain of events from transport_sctp.log to cu_up_gtpu.log that led to the ipsec tunnel failure on midhaul.,multi_hop,0.655,0.5261,0.408,0.5284,3.09
Mixtral-8x7B,46.7B,Q052,What events occurred during the ipsec tunnel failure on midhaul incident and in what order?,temporal,0.8077,0.6813,0.2492,0.7057,4.28
Mixtral-8x7B,46.7B,Q053,What was the impact of the ipsec tunnel failure on midhaul on user equipment and network services?,impact_analysis,0.7346,0.6679,0.4749,0.6445,3.7
Mixtral-8x7B,46.7B,Q054,What does error code F1AP_MSG_DECODE_ERR_018 indicate and what caused it?,error_code,0.8829,0.8766,0.277,0.84,4.46
Mixtral-8x7B,46.7B,Q055,What is the root cause of the failure affecting UE40?,root_cause,0.8826,0.7405,0.2404,0.6685,2.71
Mixtral-8x7B,46.7B,Q056,What error occurred in the AMF module and what were its downstream effects?,failure_tracing,0.8213,0.8705,0.2304,0.7369,3.58
Mixtral-8x7B,46.7B,Q057,Trace the complete chain of events from core_nw_amf.log to cu_cp_f1ap.log that led to the amf overload causing registration delays.,multi_hop,0.6976,0.6039,0.3444,0.4351,4.46
Mixtral-8x7B,46.7B,Q058,What events occurred during the amf overload causing registration delays incident and in what order?,temporal,0.8946,0.6779,0.209,0.7526,3.41
Mixtral-8x7B,46.7B,Q059,What was the impact of the amf overload causing registration delays on user equipment and network services?,impact_analysis,0.9062,0.8422,0.1839,0.585,2.87
Mixtral-8x7B,46.7B,Q060,What does error code AMF_REG_REJECT_091 indicate and what caused it?,error_code,0.778,0.794,0.4947,0.7482,5.15
Mixtral-8x7B,46.7B,Q061,Which failures affected multiple UEs simultaneously and what was the common cause?,cross_scenario,0.6051,0.4554,0.1188,0.5672,5.24
Mixtral-8x7B,46.7B,Q062,Compare the transport-layer failures: how does SCTP association failure differ from GTP-U path failure in terms of impact?,cross_scenario,0.6577,0.2534,0.2333,0.4225,4.42
Mixtral-8x7B,46.7B,Q063,What are all the scenarios where packet loss or data loss occurred and what were the root causes?,cross_scenario,0.728,0.6722,0.3658,0.5573,4.83
Mixtral-8x7B,46.7B,Q064,"Did any UE recover successfully after a failure, and if so, how long did the service interruption last?",cross_scenario,0.7219,0.9202,0.4385,0.6633,5.04
Mixtral-8x7B,46.7B,Q065,"Was the UE7 failure related to the SCTP transport failure, or were they independent events?",contrastive,0.7863,0.7933,0.1818,0.7503,3.17
Gemma2-9B,9B,Q001,What is the root cause of the failure affecting UE7?,root_cause,0.7617,0.6118,0.4338,0.6213,1.65
Gemma2-9B,9B,Q002,What error occurred in the RRC module and what were its downstream effects?,failure_tracing,0.8338,0.9164,0.2795,0.4939,1.91
Gemma2-9B,9B,Q003,Trace the complete chain of events from enodeb_rrc.log to core_nw_amf.log that led to the rrc reconfiguration failure cascade.,multi_hop,0.5196,0.801,0.339,0.5221,1.98
Gemma2-9B,9B,Q004,What events occurred during the rrc reconfiguration failure cascade incident and in what order?,temporal,0.893,0.8657,0.5161,0.7068,2.79
Gemma2-9B,9B,Q005,What was the impact of the rrc reconfiguration failure cascade on user equipment and network services?,impact_analysis,0.6548,0.6224,0.2723,0.6495,2.32
Gemma2-9B,9B,Q006,What does error code RRC_RECONFIG_FAIL_004 indicate and what caused it?,error_code,0.8361,0.8265,0.3479,0.6839,2.56
Gemma2-9B,9B,Q007,What is the root cause of the failure affecting UE1?,root_cause,0.8188,0.7047,0.1728,0.6482,1.72
Gemma2-9B,9B,Q008,What error occurred in the SCTP module and what were its downstream effects?,failure_tracing,0.6463,0.792,0.2791,0.6781,1.98
Gemma2-9B,9B,Q009,Trace the complete chain of events from transport_sctp.log to ran_cell.log that led to the sctp transport link failure.,multi_hop,0.6103,0.79,0.2964,0.4068,1.84
Gemma2-9B,9B,Q010,What events occurred during the sctp transport link failure incident and in what order?,temporal,0.6348,0.8412,0.3385,0.6767,2.17
Gemma2-9B,9B,Q011,What was the impact of the sctp transport link failure on user equipment and network services?,impact_analysis,0.6897,0.5743,0.217,0.7251,1.78
Gemma2-9B,9B,Q012,What does error code SCTP_HEARTBEAT_TIMEOUT_084 indicate and what caused it?,error_code,0.9273,0.7435,0.4781,0.7331,1.8
Gemma2-9B,9B,Q013,What is the root cause of the failure affecting UE11?,root_cause,0.926,0.6771,0.2376,0.7343,2.14
Gemma2-9B,9B,Q014,What error occurred in the HANDOVER module and what were its downstream effects?,failure_tracing,0.851,0.7075,0.3273,0.7986,1.52
Gemma2-9B,9B,Q015,Trace the complete chain of events from ran_cell.log to enodeb_rrc.log that led to the inter-gnb handover failure.,multi_hop,0.4132,0.51,0.284,0.435,2.9
Gemma2-9B,9B,Q016,What events occurred during the inter-gnb handover failure incident and in what order?,temporal,0.9757,0.7829,0.2708,0.5855,1.64
Gemma2-9B,9B,Q017,What was the impact of the inter-gnb handover failure on user equipment and network services?,impact_analysis,0.87,0.7453,0.2166,0.6599,1.99
Gemma2-9B,9B,Q018,What does error code SCHED_RESOURCE_EXHAUST_137 indicate and what caused it?,error_code,0.7262,0.963,0.3784,0.7725,2.37
Gemma2-9B,9B,Q019,What is the root cause of the failure affecting UE22?,root_cause,0.6817,0.65,0.2524,0.5793,2.08
Gemma2-9B,9B,Q020,What error occurred in the PCF module and what were its downstream effects?,failure_tracing,0.9219,0.8695,0.2671,0.5876,1.74
Gemma2-9B,9B,Q021,Trace the complete chain of events from core_nw_amf.log to cu_cp_f1ap.log that led to the pdu session establishment rejection.,multi_hop,0.6798,0.5458,0.2184,0.4713,1.72
Gemma2-9B,9B,Q022,What events occurred during the pdu session establishment rejection incident and in what order?,temporal,0.8265,0.84,0.2887,0.5159,2.55
Gemma2-9B,9B,Q023,What was the impact of the pdu session establishment rejection on user equipment and network services?,impact_analysis,0.8334,0.8042,0.1347,0.7782,2.58
Gemma2-9B,9B,Q024,What does error code SMF_QOS_FLOW_ERR_104 indicate and what caused it?,error_code,1.0,0.8758,0.5252,0.6981,2.68
Gemma2-9B,9B,Q025,What is the root cause of the failure affecting UE5?,root_cause,0.8342,0.7007,0.4311,0.6532,2.1
Gemma2-9B,9B,Q026,What error occurred in the RLC module and what were its downstream effects?,failure_tracing,0.8816,0.7045,0.3656,0.6041,2.18
Gemma2-9B,9B,Q027,Trace the complete chain of events from ran_cell.log to enodeb_rrc.log that led to the rlc max retransmission causing drb failure.,multi_hop,0.4642,0.5982,0.0114,0.5744,1.53
Gemma2-9B,9B,Q028,What events occurred during the rlc max retransmission causing drb failure incident and in what order?,temporal,0.9552,0.6519,0.444,0.5477,2.65
Gemma2-9B,9B,Q029,What was the impact of the rlc max retransmission causing drb failure on user equipment and network services?,impact_analysis,0.7997,0.7918,0.2022,0.7104,2.93
Gemma2-9B,9B,Q030,What does error code MAC_HARQ_NACK_MAX_067 indicate and what caused it?,error_code,0.9408,0.8002,0.4839,0.8253,1.65
Gemma2-9B,9B,Q031,What is the root cause of the failure affecting UE3?,root_cause,0.6892,0.791,0.3411,0.4924,2.08
Gemma2-9B,9B,Q032,What error occurred in the GTP-U module and what were its downstream effects?,failure_tracing,0.7809,0.6908,0.4665,0.6039,2.79
Gemma2-9B,9B,Q033,Trace the complete chain of events from transport_sctp.log to cu_up_gtpu.log that led to the gtp-u path failure on backhaul.,multi_hop,0.6311,0.4993,0.3554,0.646,1.71
Gemma2-9B,9B,Q034,What events occurred during the gtp-u path failure on backhaul incident and in what order?,temporal,0.7765,0.6722,0.2157,0.6335,1.53
Gemma2-9B,9B,Q035,What was the impact of the gtp-u path failure on backhaul on user equipment and network services?,impact_analysis,0.6306,0.873,0.2957,0.6091,1.49
Gemma2-9B,9B,Q036,What does error code GTPU_PATH_FAIL_037 indicate and what caused it?,error_code,0.8695,0.9477,0.3417,0.698,2.05
Gemma2-9B,9B,Q037,What is the root cause of the failure affecting UE31?,root_cause,0.8159,0.7767,0.4012,0.5603,1.87
Gemma2-9B,9B,Q038,What error occurred in the AMF module and what were its downstream effects?,failure_tracing,0.789,0.8138,0.2114,0.6476,2.1
Gemma2-9B,9B,Q039,Trace the complete chain of events from core_nw_amf.log to core_nw_amf.log that led to the 5g-aka authentication failure.,multi_hop,0.6907,0.6341,0.1447,0.4566,2.67
Gemma2-9B,9B,Q040,What events occurred during the 5g-aka authentication failure incident and in what order?,temporal,0.6234,0.6609,0.3683,0.58,1.55
Gemma2-9B,9B,Q041,What was the impact of the 5g-aka authentication failure on user equipment and network services?,impact_analysis,0.5358,0.6868,0.1624,0.5115,2.25
Gemma2-9B,9B,Q042,What does error code AMF_AUTH_FAIL_094 indicate and what caused it?,error_code,0.9578,0.7067,0.4031,0.7954,1.7
Gemma2-9B,9B,Q043,What is the root cause of the failure affecting UE9?,root_cause,0.7684,0.6516,0.1485,0.5019,2.47
Gemma2-9B,9B,Q044,What error occurred in the MAC module and what were its downstream effects?,failure_tracing,0.9609,0.6335,0.35,0.551,1.85
Gemma2-9B,9B,Q045,Trace the complete chain of events from ran_cell.log to ran_cell.log that led to the dl scheduler starvation under load.,multi_hop,0.5544,0.4996,0.0536,0.4735,2.46
Gemma2-9B,9B,Q046,What events occurred during the dl scheduler starvation under load incident and in what order?,temporal,0.8611,0.835,0.2419,0.7366,1.7
Gemma2-9B,9B,Q047,What was the impact of the dl scheduler starvation under load on user equipment and network services?,impact_analysis,0.7379,0.8744,0.1434,0.7135,1.59
Gemma2-9B,9B,Q048,What does error code MAC_BSR_TIMEOUT_064 indicate and what caused it?,error_code,0.9913,0.9599,0.4564,0.7562,1.9
Gemma2-9B,9B,Q049,What is the root cause of the failure affecting UE2?,root_cause,1.0,0.6601,0.1028,0.4916,1.96
Gemma2-9B,9B,Q050,What error occurred in the IPSec module and what were its downstream effects?,failure_tracing,0.9207,0.7511,0.3984,0.6854,2.29
Gemma2-9B,9B,Q051,Trace the complete chain of events from transport_sctp.log to cu_up_gtpu.log that led to the ipsec tunnel failure on midhaul.,multi_hop,0.5591,0.5079,0.1369,0.58,2.74
Gemma2-9B,9B,Q052,What events occurred during the ipsec tunnel failure on midhaul incident and in what order?,temporal,0.769,0.8264,0.3952,0.7771,2.36
Gemma2-9B,9B,Q053,What was the impact of the ipsec tunnel failure on midhaul on user equipment and network services?,impact_analysis,0.8819,0.924,0.0882,0.6,2.6
Gemma2-9B,9B,Q054,What does error code F1AP_MSG_DECODE_ERR_018 indicate and what caused it?,error_code,1.0,0.7231,0.4043,0.633,2.57
Gemma2-9B,9B,Q055,What is the root cause of the failure affecting UE40?,root_cause,0.839,0.6193,0.1854,0.742,2.17
Gemma2-9B,9B,Q056,What error occurred in the AMF module and what were its downstream effects?,failure_tracing,0.7921,0.7867,0.249,0.6402,1.59
Gemma2-9B,9B,Q057,Trace the complete chain of events from core_nw_amf.log to cu_cp_f1ap.log that led to the amf overload causing registration delays.,multi_hop,0.5479,0.7927,0.0759,0.5288,1.91
Gemma2-9B,9B,Q058,What events occurred during the amf overload causing registration delays incident and in what order?,temporal,0.8328,0.7365,0.4817,0.7981,2.21
Gemma2-9B,9B,Q059,What was the impact of the amf overload causing registration delays on user equipment and network services?,impact_analysis,0.6535,0.8445,0.2663,0.7038,1.68
Gemma2-9B,9B,Q060,What does error code AMF_REG_REJECT_091 indicate and what caused it?,error_code,0.839,0.9512,0.5582,0.7579,2.79
Gemma2-9B,9B,Q061,Which failures affected multiple UEs simultaneously and what was the common cause?,cross_scenario,0.7103,0.6988,0.2737,0.5254,1.9
Gemma2-9B,9B,Q062,Compare the transport-layer failures: how does SCTP association failure differ from GTP-U path failure in terms of impact?,cross_scenario,0.7116,0.4573,0.3751,0.6524,1.49
Gemma2-9B,9B,Q063,What are all the scenarios where packet loss or data loss occurred and what were the root causes?,cross_scenario,0.5637,0.7114,0.3095,0.6689,1.97
Gemma2-9B,9B,Q064,"Did any UE recover successfully after a failure, and if so, how long did the service interruption last?",cross_scenario,0.7398,0.7596,0.4712,0.5894,2.62
Gemma2-9B,9B,Q065,"Was the UE7 failure related to the SCTP transport failure, or were they independent events?",contrastive,0.725,0.8771,0.4274,0.6527,2.88
Llama-3.1-8B,8B,Q001,What is the root cause of the failure affecting UE7?,root_cause,0.8698,1.0,0.2753,0.5425,1.74
Llama-3.1-8B,8B,Q002,What error occurred in the RRC module and what were its downstream effects?,failure_tracing,0.6637,0.8934,0.2264,0.596,1.66
Llama-3.1-8B,8B,Q003,Trace the complete chain of events from enodeb_rrc.log to core_nw_amf.log that led to the rrc reconfiguration failure cascade.,multi_hop,0.6466,0.6126,0.3331,0.499,2.51
Llama-3.1-8B,8B,Q004,What events occurred during the rrc reconfiguration failure cascade incident and in what order?,temporal,0.9333,0.7652,0.1264,0.5226,1.77
Llama-3.1-8B,8B,Q005,What was the impact of the rrc reconfiguration failure cascade on user equipment and network services?,impact_analysis,0.9266,0.8536,0.1737,0.5801,2.06
Llama-3.1-8B,8B,Q006,What does error code RRC_RECONFIG_FAIL_004 indicate and what caused it?,error_code,0.9544,0.7244,0.4291,0.7963,2.21
Llama-3.1-8B,8B,Q007,What is the root cause of the failure affecting UE1?,root_cause,0.812,0.8472,0.3489,0.7364,1.5
Llama-3.1-8B,8B,Q008,What error occurred in the SCTP module and what were its downstream effects?,failure_tracing,1.0,0.6164,0.2228,0.6494,1.42
Llama-3.1-8B,8B,Q009,Trace the complete chain of events from transport_sctp.log to ran_cell.log that led to the sctp transport link failure.,multi_hop,0.8923,0.5118,0.1139,0.4984,1.33
Llama-3.1-8B,8B,Q010,What events occurred during the sctp transport link failure incident and in what order?,temporal,0.8306,0.6286,0.0874,0.6359,2.06
Llama-3.1-8B,8B,Q011,What was the impact of the sctp transport link failure on user equipment and network services?,impact_analysis,0.9992,0.7259,0.1685,0.5223,2.03
Llama-3.1-8B,8B,Q012,What does error code SCTP_HEARTBEAT_TIMEOUT_084 indicate and what caused it?,error_code,1.0,0.9003,0.4632,0.592,1.85
Llama-3.1-8B,8B,Q013,What is the root cause of the failure affecting UE11?,root_cause,0.8689,0.6268,0.0331,0.6828,2.41
Llama-3.1-8B,8B,Q014,What error occurred in the HANDOVER module and what were its downstream effects?,failure_tracing,0.7145,0.8633,0.154,0.7524,2.21
Llama-3.1-8B,8B,Q015,Trace the complete chain of events from ran_cell.log to enodeb_rrc.log that led to the inter-gnb handover failure.,multi_hop,0.4353,0.4528,0.2361,0.408,2.48
Llama-3.1-8B,8B,Q016,What events occurred during the inter-gnb handover failure incident and in what order?,temporal,0.7556,0.7098,0.273,0.4331,1.46
Llama-3.1-8B,8B,Q017,What was the impact of the inter-gnb handover failure on user equipment and network services?,impact_analysis,0.6158,0.6525,0.1582,0.5937,2.37
Llama-3.1-8B,8B,Q018,What does error code SCHED_RESOURCE_EXHAUST_137 indicate and what caused it?,error_code,0.7634,0.6881,0.2228,0.8721,2.08
Llama-3.1-8B,8B,Q019,What is the root cause of the failure affecting UE22?,root_cause,0.8284,0.7842,0.5427,0.5679,1.99
Llama-3.1-8B,8B,Q020,What error occurred in the PCF module and what were its downstream effects?,failure_tracing,0.6521,0.6154,0.2321,0.532,1.46
Llama-3.1-8B,8B,Q021,Trace the complete chain of events from core_nw_amf.log to cu_cp_f1ap.log that led to the pdu session establishment rejection.,multi_hop,0.5698,0.6568,0.2204,0.4333,2.01
Llama-3.1-8B,8B,Q022,What events occurred during the pdu session establishment rejection incident and in what order?,temporal,0.8322,0.841,0.3901,0.5661,1.94
Llama-3.1-8B,8B,Q023,What was the impact of the pdu session establishment rejection on user equipment and network services?,impact_analysis,0.8238,0.6409,0.2407,0.6823,1.63
Llama-3.1-8B,8B,Q024,What does error code SMF_QOS_FLOW_ERR_104 indicate and what caused it?,error_code,0.9268,0.8289,0.5285,0.5883,1.36
Llama-3.1-8B,8B,Q025,What is the root cause of the failure affecting UE5?,root_cause,0.9262,0.7629,0.2588,0.5433,2.05
Llama-3.1-8B,8B,Q026,What error occurred in the RLC module and what were its downstream effects?,failure_tracing,0.8587,0.7907,0.2863,0.6056,1.42
Llama-3.1-8B,8B,Q027,Trace the complete chain of events from ran_cell.log to enodeb_rrc.log that led to the rlc max retransmission causing drb failure.,multi_hop,0.7028,0.4929,0.1996,0.4493,1.91
Llama-3.1-8B,8B,Q028,What events occurred during the rlc max retransmission causing drb failure incident and in what order?,temporal,0.8768,0.7419,0.2386,0.788,2.28
Llama-3.1-8B,8B,Q029,What was the impact of the rlc max retransmission causing drb failure on user equipment and network services?,impact_analysis,0.756,0.8209,0.2441,0.5231,2.07
Llama-3.1-8B,8B,Q030,What does error code MAC_HARQ_NACK_MAX_067 indicate and what caused it?,error_code,0.8815,0.821,0.3994,0.7238,1.74
Llama-3.1-8B,8B,Q031,What is the root cause of the failure affecting UE3?,root_cause,0.7841,0.5686,0.3011,0.7167,1.7
Llama-3.1-8B,8B,Q032,What error occurred in the GTP-U module and what were its downstream effects?,failure_tracing,0.836,0.8803,0.3146,0.7076,2.25
Llama-3.1-8B,8B,Q033,Trace the complete chain of events from transport_sctp.log to cu_up_gtpu.log that led to the gtp-u path failure on backhaul.,multi_hop,0.505,0.7745,0.2171,0.5402,2.02
Llama-3.1-8B,8B,Q034,What events occurred during the gtp-u path failure on backhaul incident and in what order?,temporal,0.8665,0.5876,0.1171,0.6389,1.34
Llama-3.1-8B,8B,Q035,What was the impact of the gtp-u path failure on backhaul on user equipment and network services?,impact_analysis,0.945,0.789,0.0879,0.6252,2.1
Llama-3.1-8B,8B,Q036,What does error code GTPU_PATH_FAIL_037 indicate and what caused it?,error_code,0.9232,0.7487,0.2594,0.6709,1.51
Llama-3.1-8B,8B,Q037,What is the root cause of the failure affecting UE31?,root_cause,0.7609,0.7131,0.2966,0.4016,1.87
Llama-3.1-8B,8B,Q038,What error occurred in the AMF module and what were its downstream effects?,failure_tracing,0.9154,0.6866,0.2661,0.5144,1.34
Llama-3.1-8B,8B,Q039,Trace the complete chain of events from core_nw_amf.log to core_nw_amf.log that led to the 5g-aka authentication failure.,multi_hop,0.6616,0.5016,0.3267,0.5062,1.96
Llama-3.1-8B,8B,Q040,What events occurred during the 5g-aka authentication failure incident and in what order?,temporal,0.8287,0.581,0.2171,0.6252,2.45
Llama-3.1-8B,8B,Q041,What was the impact of the 5g-aka authentication failure on user equipment and network services?,impact_analysis,0.7656,0.8183,0.0773,0.6242,1.71
Llama-3.1-8B,8B,Q042,What does error code AMF_AUTH_FAIL_094 indicate and what caused it?,error_code,1.0,0.6056,0.4351,0.8239,1.78
Llama-3.1-8B,8B,Q043,What is the root cause of the failure affecting UE9?,root_cause,0.5611,0.6924,0.2766,0.6571,2.18
Llama-3.1-8B,8B,Q044,What error occurred in the MAC module and what were its downstream effects?,failure_tracing,0.7242,0.5523,0.2267,0.5959,1.49
Llama-3.1-8B,8B,Q045,Trace the complete chain of events from ran_cell.log to ran_cell.log that led to the dl scheduler starvation under load.,multi_hop,0.7086,0.6968,0.0511,0.716,2.42
Llama-3.1-8B,8B,Q046,What events occurred during the dl scheduler starvation under load incident and in what order?,temporal,0.7946,0.6888,0.3986,0.5607,2.51
Llama-3.1-8B,8B,Q047,What was the impact of the dl scheduler starvation under load on user equipment and network services?,impact_analysis,0.8598,0.6897,0.2075,0.6646,1.76
Llama-3.1-8B,8B,Q048,What does error code MAC_BSR_TIMEOUT_064 indicate and what caused it?,error_code,0.9645,0.8305,0.3606,0.6607,1.68
Llama-3.1-8B,8B,Q049,What is the root cause of the failure affecting UE2?,root_cause,0.7594,0.9039,0.4009,0.6381,2.27
Llama-3.1-8B,8B,Q050,What error occurred in the IPSec module and what were its downstream effects?,failure_tracing,0.7364,0.7747,0.4099,0.4256,1.77
Llama-3.1-8B,8B,Q051,Trace the complete chain of events from transport_sctp.log to cu_up_gtpu.log that led to the ipsec tunnel failure on midhaul.,multi_hop,0.6645,0.5831,0.2566,0.4208,1.76
Llama-3.1-8B,8B,Q052,What events occurred during the ipsec tunnel failure on midhaul incident and in what order?,temporal,0.7567,0.5989,0.2414,0.7898,1.79
Llama-3.1-8B,8B,Q053,What was the impact of the ipsec tunnel failure on midhaul on user equipment and network services?,impact_analysis,0.9206,0.5374,0.1294,0.6364,1.85
Llama-3.1-8B,8B,Q054,What does error code F1AP_MSG_DECODE_ERR_018 indicate and what caused it?,error_code,1.0,1.0,0.381,0.637,1.29
Llama-3.1-8B,8B,Q055,What is the root cause of the failure affecting UE40?,root_cause,0.9264,0.6593,0.0792,0.6509,2.14
Llama-3.1-8B,8B,Q056,What error occurred in the AMF module and what were its downstream effects?,failure_tracing,0.9428,0.7624,0.3423,0.7387,1.88
Llama-3.1-8B,8B,Q057,Trace the complete chain of events from core_nw_amf.log to cu_cp_f1ap.log that led to the amf overload causing registration delays.,multi_hop,0.6118,0.5151,0.4175,0.3659,1.91
Llama-3.1-8B,8B,Q058,What events occurred during the amf overload causing registration delays incident and in what order?,temporal,0.6372,0.7244,0.337,0.6245,1.48
Llama-3.1-8B,8B,Q059,What was the impact of the amf overload causing registration delays on user equipment and network services?,impact_analysis,0.7273,0.7212,0.3612,0.7942,1.77
Llama-3.1-8B,8B,Q060,What does error code AMF_REG_REJECT_091 indicate and what caused it?,error_code,1.0,0.8429,0.3297,0.7974,2.38
Llama-3.1-8B,8B,Q061,Which failures affected multiple UEs simultaneously and what was the common cause?,cross_scenario,0.7686,0.6255,0.3889,0.4539,2.41
Llama-3.1-8B,8B,Q062,Compare the transport-layer failures: how does SCTP association failure differ from GTP-U path failure in terms of impact?,cross_scenario,0.5289,0.614,0.1164,0.4369,1.57
Llama-3.1-8B,8B,Q063,What are all the scenarios where packet loss or data loss occurred and what were the root causes?,cross_scenario,0.6992,0.3806,0.0338,0.6495,2.04
Llama-3.1-8B,8B,Q064,"Did any UE recover successfully after a failure, and if so, how long did the service interruption last?",cross_scenario,0.8188,0.5857,0.1847,0.536,1.76
Llama-3.1-8B,8B,Q065,"Was the UE7 failure related to the SCTP transport failure, or were they independent events?",contrastive,0.939,0.8581,0.2518,0.699,1.97
